KEY,STEP_NAME,FLOW,RPT,LS,UTIL,CT,LOAD_PCT,LOAD_PREF,SUB_FLOW
crazy_add_butter of biscuits_of_fate,crazy_add_butter,biscuits_of_fate,9,1,0.65,3,1,,"FF,BACKEND"
crazy_add_sugar of biscuits_of_fate,crazy_add_sugar,biscuits_of_fate,9,1,0.65,3,1,,"FF,BACKEND"
crazy_add_sage of biscuits_of_fate,crazy_add_sage,biscuits_of_fate,9,1,0.65,3,1,,"FF,BACKEND"
crazy_add_butter of bubur_hitam,crazy_add_butter,bubur_hitam,1,1,0.65,3,1,,"FF,BACKEND"
crazy_add_salt of bubur_hitam,crazy_add_salt,bubur_hitam,1,1,0.65,3,1,,"FF,BACKEND"
crazy_add_sage of bubur_hitam,crazy_add_sage,bubur_hitam,1,1,0.65,3,1,,"FF,BACKEND"
crazy_add_butter of cake_of_destiny,crazy_add_butter,cake_of_destiny,9,1,0.65,3,1,,"FF,BACKEND"
crazy_add_sugar of cake_of_destiny,crazy_add_sugar,cake_of_destiny,9,1,0.65,3,1,,"FF,BACKEND"
crazy_add_sausage of cake_of_destiny,crazy_add_sausage,cake_of_destiny,9,1,0.65,3,1,,"FF,BACKEND"
crazy_add_butter of pasta_of_tear,crazy_add_butter,pasta_of_tear,4,1,0.65,3,1,,"FF,BACKEND"
crazy_add_sugar of pasta_of_tear,crazy_add_sugar,pasta_of_tear,4,1,0.65,3,1,,"FF,BACKEND"
